{
  "salton": {
    "x": 0.3332606720392386,
    "y": 0.9443277057125411
  },
  "ai-kitchen": {
    "x": 0.7814640169485069,
    "y": 0.671163183010968
  },
  "altar": {
    "x": 0.8737691644138975,
    "y": 0.7159442523063079
  },
  "bbac": {
    "x": 0.2752131050764671,
    "y": 0.34426137715498717
  },
  "chiba": {
    "x": 0.7700448234476337,
    "y": 0.7875939631788517
  },
  "chiba-roof": {
    "x": 0.7681416245308215,
    "y": 0.7495300542778127
  },
  "dojo": {
    "x": 0.9232523362510141,
    "y": 0.4942779592943757
  },
  "dodecahedron": {
    "x": 0.6701268803149942,
    "y": 0.6286211671803952
  },
  "dome": {
    "x": 0.9498971210863847,
    "y": 0.8749170483047642
  },
  "drive-in": {
    "x": 0.3541958601241726,
    "y": 0.4293454088161329
  },
  "escapes": {
    "x": 0.2752131050764671,
    "y": 0.7293785730949098
  },
  "estates": {
    "x": 0.39130823900201006,
    "y": 0.7562472146721138
  },
  "hyperion": {
    "x": 0.22002033648891395,
    "y": 0.39128149991509403
  },
  "institute": {
    "x": 0.49312938105146165,
    "y": 0.6980318245881719
  },
  "last-resort": {
    "x": 0.04873243397581785,
    "y": 0.0733359079181812
  },
  "mars": {
    "x": 0.8195279952847503,
    "y": 0.8144626047560555
  },
  "mimos": {
    "x": 0.816673196909532,
    "y": 0.7092270919120068
  },
  "museum": {
    "x": 0.5407093539717661,
    "y": 0.7629643750664147
  },
  "neptune": {
    "x": 0.05824842855987875,
    "y": 0.6286211671803952
  },
  "painted-canyon": {
    "x": 0.7062876597344256,
    "y": 0.20991816926896772
  },
  "saturn": {
    "x": 0.18576275598629474,
    "y": 0.3509785375492882
  },
  "ski-inn": {
    "x": 0.06015162747669093,
    "y": 0.1584199395793269
  },
  "shipwreck": {
    "x": 0.32659947583039595,
    "y": 0.8435702997980264
  },
  "star-beach": {
    "x": 0.12295719173149282,
    "y": 0.9443277057125411
  },
  "the-range": {
    "x": 0.8937527530404253,
    "y": 0.07781401484771522
  },
  "tvs": {
    "x": 0.4160498249205684,
    "y": 0.40247676723892895
  },
  "van": {
    "x": 0.8699627665802732,
    "y": 0.8905904225581331
  }
}
